CREATE DATABASE TIENDA_FERRETERIA;
USE TIENDA_FERRETERIA;
CREATE TABLE CLIENTE
(
CODIGO_CLIENTE VARCHAR(4) PRIMARY KEY,
NOMBRE_CLIENTE VARCHAR(30),
FNACIMIENTO_CLIENTE DATE
);
CREATE TABLE PRODUCTO
(
CODIGO_PRODUCTO VARCHAR(4) PRIMARY KEY,
NOMBRE_PRODUCTO VARCHAR(40),
DESCRIPCION_PRODUCTO VARCHAR(40),
PRECIO_PRODUCTO DOUBLE
);
CREATE TABLE RECIBO
(
NUMERO_RECIBO VARCHAR(5) PRIMARY KEY,
FECHA_RECIBO DATE,
CODIGO_CLIENTE VARCHAR(4),
FOREIGN KEY (CODIGO_CLIENTE) REFERENCES CLIENTE(CODIGO_CLIENTE)
);
CREATE TABLE LINEA_RECIBO
(
NUMERO_LRECIBO INT PRIMARY KEY,
CANTIDAD_LRECIBO DECIMAL,
CODIGO_PRODUCTO VARCHAR(4),
FOREIGN KEY (CODIGO_PRODUCTO) REFERENCES  PRODUCTO(CODIGO_PRODUCTO),
NUMERO_RECIBO VARCHAR(5),
FOREIGN KEY (NUMERO_RECIBO) REFERENCES RECIBO(NUMERO_RECIBO)
);

INSERT INTO CLIENTE(CODIGO_CLIENTE, NOMBRE_CLIENTE, FNACIMIENTO_CLIENTE)
VALUES('0001','PÉREZ JOSÉ','2012/04/10');
INSERT INTO CLIENTE(CODIGO_CLIENTE, NOMBRE_CLIENTE, FNACIMIENTO_CLIENTE)
VALUES('0002','TORRES RINA','2011/12/25');
INSERT INTO CLIENTE(CODIGO_CLIENTE, NOMBRE_CLIENTE, FNACIMIENTO_CLIENTE)
VALUES('0003','SALAS ROSA','2012/06/25');
INSERT INTO CLIENTE(CODIGO_CLIENTE, NOMBRE_CLIENTE, FNACIMIENTO_CLIENTE)
VALUES('0004','GAMARRA OLIVER','2011/08/22');
INSERT INTO CLIENTE(CODIGO_CLIENTE, NOMBRE_CLIENTE, FNACIMIENTO_CLIENTE)
VALUES('0005','ROMERO ALICIA','2011/12/24');
INSERT INTO CLIENTE(CODIGO_CLIENTE, NOMBRE_CLIENTE, FNACIMIENTO_CLIENTE)
VALUES('0006','ROJAS JOAQUÍN','2011/11/16');
INSERT INTO CLIENTE(CODIGO_CLIENTE, NOMBRE_CLIENTE, FNACIMIENTO_CLIENTE)
VALUES('0007','RICALDE REBECA','2012/04/04');
SELECT * FROM CLIENTE;

INSERT INTO PRODUCTO(CODIGO_PRODUCTO, NOMBRE_PRODUCTO, DESCRIPCION_PRODUCTO, PRECIO_PRODUCTO)
VALUES('P001','FIERRO 3/4','BARRA',20.00);
INSERT INTO PRODUCTO(CODIGO_PRODUCTO, NOMBRE_PRODUCTO, DESCRIPCION_PRODUCTO, PRECIO_PRODUCTO)
VALUES('P002','FIERRO 1/2','BARRA',12.00);
INSERT INTO PRODUCTO(CODIGO_PRODUCTO, NOMBRE_PRODUCTO, DESCRIPCION_PRODUCTO, PRECIO_PRODUCTO)
VALUES('P003','LAVATORIO TREBOL CLASICO BLANCO ','UNIDAD',200.00);
INSERT INTO PRODUCTO(CODIGO_PRODUCTO, NOMBRE_PRODUCTO, DESCRIPCION_PRODUCTO, PRECIO_PRODUCTO)
VALUES('P004','CERROJO FORTE TRIPLE SEGURO','UNIDAD',54.00);
INSERT INTO PRODUCTO(CODIGO_PRODUCTO, NOMBRE_PRODUCTO, DESCRIPCION_PRODUCTO, PRECIO_PRODUCTO)
VALUES('P005','CERROJO FORTE SIMPLE','UNIDAD',38.50);
INSERT INTO PRODUCTO(CODIGO_PRODUCTO, NOMBRE_PRODUCTO, DESCRIPCION_PRODUCTO, PRECIO_PRODUCTO)
VALUES('P006','MAYOLICA CELIMA 20X15 BLANCA','METRO CUADRADO',20.00);
INSERT INTO PRODUCTO(CODIGO_PRODUCTO, NOMBRE_PRODUCTO, DESCRIPCION_PRODUCTO, PRECIO_PRODUCTO)
VALUES('P007','MAYOLICA CELIMA 35X20 COLOR','METRO CUADRADO',30.00);
INSERT INTO PRODUCTO(CODIGO_PRODUCTO, NOMBRE_PRODUCTO, DESCRIPCION_PRODUCTO, PRECIO_PRODUCTO)
VALUES('P008','BAÑERA LOZA COLOR','UNIDAD',500.00);
INSERT INTO PRODUCTO(CODIGO_PRODUCTO, NOMBRE_PRODUCTO, DESCRIPCION_PRODUCTO, PRECIO_PRODUCTO)
VALUES('P009','BAÑERA LOZA BLANCA','UNIDAD',300.00);
INSERT INTO PRODUCTO(CODIGO_PRODUCTO, NOMBRE_PRODUCTO, DESCRIPCION_PRODUCTO, PRECIO_PRODUCTO)
VALUES('P010','BAÑERA LOZA BLANCA MARCA XYZ','UNIDAD',300.00);
SELECT * FROM PRODUCTO;

INSERT INTO RECIBO(NUMERO_RECIBO,FECHA_RECIBO,CODIGO_CLIENTE)
VALUES('R0001','2011/07/25','0001');
INSERT INTO RECIBO(NUMERO_RECIBO,FECHA_RECIBO,CODIGO_CLIENTE)
VALUES('R0002','2011/07/26','0001');
INSERT INTO RECIBO(NUMERO_RECIBO,FECHA_RECIBO,CODIGO_CLIENTE)
VALUES('R0003','2011/07/27','0002');
INSERT INTO RECIBO(NUMERO_RECIBO,FECHA_RECIBO,CODIGO_CLIENTE)
VALUES('R0004','2011/07/28','0003');
INSERT INTO RECIBO(NUMERO_RECIBO,FECHA_RECIBO,CODIGO_CLIENTE)
VALUES('R0005','2011/07/29','0004');
INSERT INTO RECIBO(NUMERO_RECIBO,FECHA_RECIBO,CODIGO_CLIENTE)
VALUES('R0006','2011/07/30','0005');
INSERT INTO RECIBO(NUMERO_RECIBO,FECHA_RECIBO,CODIGO_CLIENTE)
VALUES('R0007','2011/07/31','0001');
SELECT * FROM RECIBO;

INSERT INTO LINEA_RECIBO(NUMERO_LRECIBO, CANTIDAD_LRECIBO, CODIGO_PRODUCTO, NUMERO_RECIBO)
VALUES(1,5,'P001','R0001');
INSERT INTO LINEA_RECIBO(NUMERO_LRECIBO, CANTIDAD_LRECIBO, CODIGO_PRODUCTO, NUMERO_RECIBO)
VALUES(2,10,'P002','R0001');
INSERT INTO LINEA_RECIBO(NUMERO_LRECIBO, CANTIDAD_LRECIBO, CODIGO_PRODUCTO, NUMERO_RECIBO)
VALUES(3,1,'P003','R0002');
INSERT INTO LINEA_RECIBO(NUMERO_LRECIBO, CANTIDAD_LRECIBO, CODIGO_PRODUCTO, NUMERO_RECIBO)
VALUES(4,12,'P002','R0003');
INSERT INTO LINEA_RECIBO(NUMERO_LRECIBO, CANTIDAD_LRECIBO, CODIGO_PRODUCTO, NUMERO_RECIBO)
VALUES(5,1,'P003','R0003');
INSERT INTO LINEA_RECIBO(NUMERO_LRECIBO, CANTIDAD_LRECIBO, CODIGO_PRODUCTO, NUMERO_RECIBO)
VALUES(6,7,'P006','R0004');
INSERT INTO LINEA_RECIBO(NUMERO_LRECIBO, CANTIDAD_LRECIBO, CODIGO_PRODUCTO, NUMERO_RECIBO)
VALUES(7,1,'P005','R0005');
INSERT INTO LINEA_RECIBO(NUMERO_LRECIBO, CANTIDAD_LRECIBO, CODIGO_PRODUCTO, NUMERO_RECIBO)
VALUES(8,1,'P004','R0006');
INSERT INTO LINEA_RECIBO(NUMERO_LRECIBO, CANTIDAD_LRECIBO, CODIGO_PRODUCTO, NUMERO_RECIBO)
VALUES(9,1,'P003','R0007');
SELECT * FROM LINEA_RECIBO;



/*1.- MODIFICA LA TABLA CLIENTE PARA AGREGAR UN CAMPO SUELDO_CLIENTE CUYO CAMPO ALMACENA UN TIPO DE DATO DOUBLE*/
ALTER TABLE CLIENTE ADD SUELDO_CLIENTE DOUBLE;
SELECT * FROM CLIENTE;

/*2.- ELIMINA LA COLUMNA SUELDO_CLIENTE CREADA ANTERIORMENTE*/
ALTER TABLE CLIENTE DROP SUELDO_CLIENTE;

/*3.- GENERA UNA LISTA DE LA TABLA CLIENTE CON TODOS SUS REGISTROS*/
SELECT * FROM CLIENTE;

/*4.- SELECCIONA EL REGISTRO ROMERO ALICIA DE LA TABLA CLIENTE*/
SELECT * FROM CLIENTE WHERE NOMBRE_CLIENTE='ROMERO ALICIA';

/*5.- SELECCIONA LOS REGISTROS QUE DE ACUERDO A LA DESCRIPCION SON DE UNIDAD Y BARRA DE LA TABLA PRODUCTO*/
SELECT * FROM PRODUCTO WHERE DESCRIPCION_PRODUCTO='UNIDAD' OR DESCRIPCION_PRODUCTO='BARRA';

/*6.- CALCULAR LA SUMA DE LOS PRECIOS DE LOS PRODUCTOS*/
SELECT SUM(PRECIO_PRODUCTO) FROM PRODUCTO;

/*7.- CALCULAR LA CANTIDAD DE REGISTROS*/
SELECT COUNT(PRECIO_PRODUCTO) FROM PRODUCTO;

/*8.- OBTENER LOS PRODUCTOS CUYO PRECIO SEA MAYOR IGUAL QUE 50*/
SELECT * FROM PRODUCTO WHERE PRECIO_PRODUCTO>=50;
SELECT * FROM PRODUCTO;

/*9.- OBTENER TODOS LO DATOS DE LOS PRODUCTOS CUYO PRECIO ESTE ENTRE LOS 50 Y LOS 300*/
SELECT * FROM PRODUCTO WHERE PRECIO_PRODUCTO BETWEEN 50 AND 300;

/*10.- REPORTE EL MAXIMO PRECIO DE LOS PRODUCTOS CON SU NOMBRE DEL PRODUCTO*/

/*11.- REPORTE EL MÍNIMO PRECIO DE LOS PRODUCTOS CON SU NOMBRE DEL PRODUCTO*/
